address	country
VIA DELLE ARE, PENNABILLI	IT
Romstrasse, Burgstall	IT
VIA BANDIDA, SACILE	IT
STRADA SAN GIOVANNI DI LIVENZA 37/E , SACILE, ITALIA	IT
via reale 147 ravenna italy	IT
Cerano	IT
via montegranello cesena	IT
via caduti di toranello riolo terme, italy	IT
via ermanno bruschi modena	IT
Modena	IT
Via Martiri Della Liberta' - San Mauro Torinese	IT
CORSO VITTORIO VENETO, VILLATA	IT
Via A. Modigliani - Reggio Nell`Emilia	IT
Via Martiri Delle Foibe, San Lazzaro Di Savena	IT
Via Caterina Percoto 6/A , Romans D'Isonzo, Italy	IT
VIA DESSANAY NUORO	IT
Via Iv Novembre, Vezza D'Alba	IT
pian delle oche, s.leonardo in passiria	IT
 RIMINI ITALY	IT
VIA BRIGATA CUNEO GORIZIA, ITALY	IT
via ospitaletto, marano sul panaro	IT
via del pascolo, cavour	IT
STRADA STATALE 63, GUALTIERI	IT
 PIVERONE ITALIA	IT
pocenia	IT
via roma 9 , staranzano	IT
Via Venturina, Vignola	IT
san bartolomeo	IT
Pradamano	IT
VIA DELLA REPUBBLICA 3 BORGO VAL DI TARO ITALY	IT
COPPARO, ITALIA	IT
Gartenweg Kaltern A.D. Weinstr.	IT
via francesco baracca torino, italia	IT
via abetone superiore 308 , maranello, italy	IT
via gianbattista melis 123 , budoni, italy	IT
via lepanto, cagliari	IT
Via Re Umberto I, Polonghera	IT
CIVIDALE DEL FRIULI	IT
, Resia	IT
san giovanni al natisone	IT
Via A. Frank Novellara	IT
Via Domenico Cimarosa - Modena	IT
Via San Giacomo - Cagliari	IT
Via Dell'Acqua Bella Assemini	IT
, Erto E Casso	IT
, ravenna	IT
Via Brunetta 14 , Susa	IT
CANTONE CARASSO 44 IVREA	IT
Via Bassa Dei Sassi 28 Bologna Italia	IT
VIA CASTELLO 14/1 SAVIGNANO SUL PANARO	IT
VIA S. CATERINA, CHIONS	IT
via lastra - baragazza, castiglione dei pepoli	IT
 Serra Italia	IT
Via Amatori Tonino - Trieste	IT
torino	IT
LUGO	IT
COMACCHIO	IT
VIA LONGARONE 25 , SCANDIANO	IT
via cecati 13/d reggio nell`emilia	IT
, SAVIGNO	IT
TORINO ITALIA	IT
, Castiglione Torinese	IT
VIA FIUME VECCHIO MOLINELLA, ITALIA	IT
via dello sport 12 , sant'agata feltria, italy	IT
via sigmund freud 38 , rimini, italia	IT
via del mare 8/a lagosanto	IT
 Argenta Italy	IT
frakt.afers brixen	IT
via costantino perazzi novara	IT
VIA XI FEBBRAIO 1929 17 SAN PIETRO MOSEZZO	IT
PIAZZA ROMA 1 SAN PANTALEO ITALY	IT
 quartino, italia	IT
Strada Alla Motta Vecchia 128 Piacenza	IT
Via Bosco 4 Montechiarugolo Italia	IT
 Montechiaro D'Asti Italia	IT
 farra d'isonzo	IT
 moncalvo	IT
strada di cascina forlenza beinette	IT
, mordano	IT
 MANDROGNE	IT
via castello podenzano	IT
VIA BERGAMO, PARMA	IT
CASELLE TORINESE	IT
 Pinzano Al Tagliamento Italia	IT
 bologna	IT
Laas	IT
VIA SAN MARCELLINO 12 , SOMMARIVA DEL BOSCO	IT
Via Pizzoch 26 Polcenigo	IT
Via Carlo Vassallo - Asti	IT
VIA ISONZO CORMONS ITALIA	IT
via strada nuova 21 poggio renatico	IT
Via Xx Settembre 35 Rondissone Italy	IT
via grecia 26 guastalla	IT
REGIONE PIANO, VISONE	IT
 MALALBERGO, ITALY	IT
CONCORDIA SULLA SECCHIA	IT
via setti carraro emanuela 16 , ravenna, italia	IT
via chiavenna, piacenza	IT
Via V.Barlaam 25 , Ferrara, Italia	IT
 chivasso	IT
 ASSEMINI	IT
VIA PESCHIERA, ZORNASCO	IT
bologna	IT
Prata Di Pordenone	IT
VIALE GESSI ROMOLO - TRIESTE	IT
via taladina di santa croce bertinoro italy	IT
 san giorio di susa	IT
Via M. Buonarroti Albinea	IT
via pietro micca 1 molinella italia	IT
piazza cardinale barbo - sesto al reghena	IT
burcei, italy	IT
STRADA PALTRA 56 , SAN GIORGIO MONFERRATO	IT
Regione Santa Marta Garzigliana	IT
 Carpi Italy	IT
VIA COTTOLENGO RACCONIGI	IT
Graun Im Vinschgau, Italia	IT
, Rimini	IT
Str. Gran Ega - San Martin De Tor	IT
 GONARS, ITALY	IT
via roma farra d'isonzo	IT
VIA ROMA - MORCIANO DI ROMAGNA	IT
polesine parmense	IT
GEMONA DEL FRIULI ITALIA	IT
via delle caselle, san benedetto val di sambro	IT
spilimbergo	IT
CASTELFRANCO EMILIA, ITALIA	IT
VIA PALLAI REGGIO NELL`EMILIA	IT
Via Ippolito Pindemonte 26/1 Modena	IT
via carnia pordenone	IT
Via Musacci Walter, Argenta	IT
 gemona del friuli italia	IT
via dei fagna' - tarcento	IT
piazzale rossa g. rubiera	IT
Via J. E G. Pirona Udine	IT
VIA MADDALENA, SASSARI	IT
 BUDONI	IT
VIA CASELLA 15 MONGHIDORO	IT
VIA DEL PORTO 4 ZIBELLO	IT
VIA ARA, MARACALAGONIS	IT
VIA ROMA 14 , RIVA PRESSO CHIERI, ITALY	IT
Via Giacomo Matteotti Frazione Cameriano	IT
Via Plaustro 9 , Forli`	IT
viale de amicis edmondo 105/c cesenatico	IT
VIALE MIRAMARE, TRIESTE	IT
VIA PIETRO PORRO SPIGNO MONFERRATO	IT
tinneplatz 13 klausen	IT
Via Brasile Modena	IT
Via Per Zerbinate 34/D , Bondeno	IT
CORSO ROMA, BORGOMANERO	IT
VIA GUIDO ROSSA 23 FORMIGINE	IT
Via Brovedani Aurelio, Trieste	IT
VIA OSOPPO RAGOGNA	IT
tramonti di sotto	IT
 REGGIO NELL`EMILIA ITALIA	IT
Salita Di Contovello 8 , Trieste	IT
Via Colombarona, Cesena	IT
VIA POSTIERLA, CASTROCARO TERME E TERRA DEL SOLE	IT
VIA LONDRA PARMA	IT
Via Scaletta, Forli`	IT
 CALLIANETTO	IT
Strada Mulino Nuovo, Fontevivo	IT
Via Piave, Ragogna	IT
monteu da po italy	IT
 Carmagnola Italy	IT
 BRISIGHELLA ITALY	IT
Verghereto, Italia	IT
Via Rivaverde 37 , Ravenna, Italy	IT
VIA MONTE SAN MICHELE 29 , FORLI`	IT
via giulia augusta 59/b , aquileia, italy	IT
Carpi Italy	IT
via brigata sassari 5 villanova monteleone	IT
viale della musica 62 , quartu s.elena, italia	IT
 CAPRIATA D'ORBA ITALY	IT
Strada Vicinale Dei Prati Meldola Italia	IT
MÜHLGASSE SCHLUDERNS, ITALIA	IT
Via Canovaccia 4/A , Pianoro	IT
via sola 48 , mezzana mortigliengo	IT
savigliano, italy	IT
VIA VERANO GARGAZZONE	IT
via delle suore, modena	IT
OMEGNA, ITALIA	IT
VIA RIALPO - DEMONTE	IT
VIA DANTE ALIGHIERI - CASCINETTE D'IVREA	IT
VIA TAGLIANI RAFFAELE 36/A PARMA	IT
STR LOGHERETTO PARMA, ITALIA	IT
strada antica di collegno 163 /c torino italy	IT
VIA STUFAN 35 ORTISEI	IT
SASSARI	IT
via modena - ferrara	IT
Corso Antonio Gramsci 14 Torre Pellice	IT
Via Giuseppe Garibaldi Acqui Terme	IT
VIA PRALORMO 27 , VILLASTELLONE	IT
 Condove, Italy	IT
 brisighella	IT
VIA PALAZZO RIVA 23 , NONANTOLA	IT
via guglielmo marconi, muravera	IT
 SASSARI ITALY	IT
Via Burgfrieden 20 Sarentino	IT
via umberto casasola, latisana	IT
pustertaler strasse 12 , kiens	IT
via giuseppe garibaldi, pogno	IT
via i.calzolari ferrara	IT
Via Emilia 48 , Crespellano, Italia	IT
Refrancore	IT
Montanaro	IT
prad am stilfser joch	IT
, Clauzetto	IT
Sequals, Italy	IT
Viale Gebel Rimini	IT
Sant`Ilario D`Enza, Italy	IT
Via S.Tomaso Carlino	IT
Via San Felice 156 /3 Pino Torinese	IT
VIA IV NOVEMBRE 88 COGGIOLA	IT
, COMACCHIO	IT
 portotorres italy	IT
casalfiumanese	IT
via velturno bressanone	IT
Cagliari	IT
VIA ORSI BAGNOLO IN PIANO	IT
Via San Maurizio Borgaro Torinese Italia	IT
via fonte leali, mondaino	IT
Via Roma Caraglio	IT
via medea udine	IT
, CALDERARA DI RENO	IT
Via San Giusto, Cantalupa	IT
VIA TAUFERS GAIS ITALY	IT
Via Giulia, Trieste	IT
VIA BIAGI MARCO 71 RAVENNA ITALIA	IT
VIA COSTRIGNANO 15 MODENA	IT
medesano	IT
Cortandone	IT
via borgo fabbri, comacchio	IT
PIAZZA GIUSEPPE GARIBALDI 8/F , SAN GIOVANNI IN PERSICETO, ITALIA	IT
Via Piave Oliena	IT
VIA C. MONZANI CASTELNOVO NE`MONTI	IT
VIA CESARE BATTISTI 20/3 40123, BOLOGNA, ITALY	IT
Argenta	IT
via tre ponti, carpi	IT
VIA MOLINETTO 8 OCCHIEPPO SUPERIORE	IT
Via Provinciale 78/B , Voghiera	IT
remanzacco, italia	IT
 dolianova italia	IT
Lgo Parri Ferruccio Parma	IT
Viverone	IT
ALTE LANDSTRASSE 30 AUER	IT
piazza volontari della liberta' 1 , domodossola	IT
cagliari	IT
castel maggiore	IT
Comacchio	IT
arbus	IT
Corso Alfieri Govone, Italy	IT
VIA AMARINA, MONFALCONE	IT
nuoro	IT
Ferrara, Italia	IT
via liberta' 35 gattatico italy	IT
CERVIGNANO DEL FRIULI	IT
modena	IT
VIA FILARETE OLBIA	IT
via ponti santi 229/a bondeno	IT
parma	IT
, RAVENNA	IT
Via S.Pertini 43 , Campoformido, Italy	IT
via argine montone faenza	IT
Gemona Del Friuli	IT
STRADA VICINALE BADDIMANNEDDA 13 SASSARI	IT
 MODENA ITALIA	IT
Vico Ii Umberto I Furtei	IT
via albenga - alto	IT
Via Xxv Aprile Brisighella Italia	IT
Vicolo Salmour 14 , Bene Vagienna, Italia	IT
Via Antonio Gianlisi 13/A , Piacenza, Italia	IT
via stornara, ferrara	IT
MISANO ADRIATICO, ITALIA	IT
Via Fratelli Piol - Rivoli	IT
VIA DON STURZO 8 , THIESI	IT
VIA ENRICO MATTEI GRAGNANO TREBBIENSE	IT
via ravenna 254/- , bellaria-igea marina	IT
cordovado	IT
via santarcangiolese - poggio berni	IT
Via Quartu - Quartucciu	IT
VIA NAZIONALE, VILLANOVA MONTELEONE	IT
via cristoforo colombo, maracalagonis	IT
via giuseppe mazzini - caravino	IT
, Quartu S.Elena	IT
strada naz. del canaletto sud 186 modena italia	IT
via filippo juvarra villar perosa	IT
VIA VILLE SAN MICHELE, PIEVEPELAGO	IT
VIA DEI FABBRI 41 , MIRANDOLA	IT
 val di vizze	IT
Via Appia, Imola	IT
 Assemini, Italia	IT
via belchite 25 carpi italia	IT
VIALE ROMAGNA 33/A , RICCIONE	IT
via bader 4 2 , aldino	IT
Corso Nicola Sacco E Bartolomeo Vanzetti Villafalletto	IT
Via Revoltella Pasquale 100 Trieste	IT
UDINE	IT
borgata pellenchi 43 , pramollo	IT
Via Marsala - Cattolica	IT
 Sassuolo Italy	IT
Moso In Passiria	IT
VIA ROMA 173 , PIACENZA	IT
via del vimine - canossa	IT
cavazzo carnico italia	IT
Via Bocca D'Enza 4 Mezzani	IT
via degli spazzacamini, castelfranco emilia	IT
Casina	IT
VIA CANALINA REGGIO NELL`EMILIA	IT
 castelvetro piacentino italy	IT
Via Lombardore 28 , Volpiano, Italia	IT
san pietro in cerro italy	IT
Via Popilia Rimini Italia	IT
via borgonuovo sasso marconi	IT
Vigarano Mainarda	IT
VIA GARIBALDI 59 BAGNACAVALLO	IT
VIA NAZIONALE 288 MALALBERGO ITALY	IT
Via Iv Novembre, Gonars	IT
VIA COMACCHIO, FERRARA	IT
, forli`	IT
via merula - busseto	IT
Via Minardi Domenico 19/D Ravenna	IT
via virgiliana 42 bondeno italia	IT
Loc. Sovenza San Floriano Del Collio	IT
Via Isola 62 Riolo Terme	IT
 ST.LEONHARD IN PASS.	IT
MALESCO	IT
via martiri della liberta' 27 f , occhieppo superiore	IT
VIA PROVINCIALE MASSA FISCAGLIA	IT
campo dei patriarchi, grado	IT
via edmondo rossi 1 , ornavasso, italy	IT
 fabbrico, italy	IT
Via Capo Marrargiu, Oristano	IT
Via Baluardi Superiori 12 Vigone	IT
Via Montecassino, Carpi	IT
VIA XXX OTTOBRE - POZZUOLO DEL FRIULI	IT
Via Monte Chiadin, Forni Avoltri	IT
via dei colli 8 buja	IT
 codigoro	IT
, Latisana	IT
BORE ITALY	IT
castelferro	IT
Via Casoni, Novi Di Modena	IT
tarcento	IT
Via Monte Santo 6 Forli` Italy	IT
SOTRU' BADIA	IT
Via F.Lli Fontanot Monfalcone, Italy	IT
ravenna, italy	IT
Bentivoglio	IT
, Compiano	IT
cesena	IT
Bellaria-Igea Marina	IT
Via Spalto 6 , Tolmezzo	IT
STRADA DEGLI ORSI (CASTIONE) 194/A FIDENZA	IT
 s.teodoro italia	IT
OVARO	IT
 SASSUOLO ITALY	IT
 SANTARCANGELO DI ROMAGNA ITALIA	IT
via sant'amato croce 36 bis villarbasse	IT
VIGNOLA	IT
S.Giacomo - Termeno S.S.D.V.	IT
Viale Michelangelo 113 , Comacchio	IT
via pedrina 51 azzano decimo	IT
Via Rio Spinoleto, Trieste	IT
Via Macomer, Cagliari	IT
Via Statale Fiorano Modenese Italy	IT
via beatrice d'arborea oristano	IT
VIA LUIGI MERELLO 3 , QUARTU S.ELENA	IT
salurn	IT
VIA I MAGGIO - LUSERNA SAN GIOVANNI	IT
Via Martiri Jolanda Di Savoia	IT
VIA MONTE BIANCO 11 BUDONI	IT
 Ravenna, Italia	IT
Piazza Amedeo Peyron 5 Torino	IT
Via Della Madonna 19 A Egna	IT
 bozen	IT
VIALE BIELLA - IVREA	IT
CASALI BATTIFERRO, REMANZACCO	IT
 RAVENNA	IT
Via Del Bosco Sant`Agostino	IT
Str. Rainel Wolkenstein In Gröden	IT
Cordenons	IT
via vittime civili 8/- morciano di romagna italy	IT
Via A. Gramsci Azzano Decimo, Italia	IT
CAMPOFORMIDO	IT
BOLOGNA	IT
via marabina 147 , ravenna, italia	IT
VIA GIARDINI NORD 472 FORMIGINE ITALY	IT
Udine	IT
SASSUOLO	IT
Olbia Italy	IT
cesenatico	IT
VIA CAORSANA 32 PIACENZA	IT
 Gonars	IT
VIA CAVEZZADORIA REMANZACCO, ITALY	IT
via baldassarre carrati, bologna	IT
Via Schlaneider 15 A , Meltina	IT
via divisione julia 2 , basiliano	IT
Dorfstrasse Ritten	IT
zoppola italy	IT
via del borgo 47 , malalbergo, italia	IT
via 2 agosto - poggio renatico	IT
via pallavicino 7 nichelino	IT
VIA VINCHIO CORTIGLIONE	IT
 RIMINI, ITALY	IT
Via De Chirico 38/12 Reggio Nell`Emilia Italia	IT
VIA MONTI DI CADIROGGIO 38 , CASTELLARANO, ITALY	IT
via iv novembre 21 , bastiglia	IT
 Aviano, Italia	IT
Via Francesco Baracca 35 Torino Italia	IT
Via Venezia 27/1 Quattro Castella	IT
viale bendandi raffaele, ravenna	IT
Via San Martino Bastiglia	IT
VIA ROSSINI 37 A PORTOTORRES	IT
Via Olmetto 56 , Olmetto	IT
Via Adriatico, Settimo Torinese	IT
copparo	IT
via petrarca francesco, trieste	IT
 Albinea	IT
Via Repubblica 28 , Occhieppo Inferiore, Italia	IT
Strada Cavedole Modena	IT
Via Giordania 5 Olbia	IT
VIA FAGAGNA 3/1 RIVE D'ARCANO	IT
via gioberti 16 , orosei	IT
AUER	IT
reggiolo italy	IT
VIA BRUNO BUOZZI - CASALE MONFERRATO	IT
via mazzini - bologna	IT
BRUNECK	IT
VIA DI MONTE DONATO 15/3 , BOLOGNA, ITALY	IT
Via Giuseppe Garibaldi 14/A , Galeata, Italy	IT
VIA MARTINI E ROSSI CHIERI, ITALY	IT
Spilamberto	IT
Via Saluzzo Pagno	IT
via nazionale arta 4 arta terme italia	IT
Martignacco	IT
Vicolo Tarquinio Merula Castellazzo Bormida, Italy	IT
cirie'	IT
VIA MARTIRI DELLA LIBERTA', CASELLE TORINESE	IT
CORSO VITTORIO EMANUELE II - PORTOTORRES	IT
via zara 41 , pordenone	IT
VIA ROSTE 547/NOSUB PRIGNANO SULLA SECCHIA	IT
 BAUSSAN, ITALY	IT
VIA MORO A JOLANDA DI SAVOIA	IT
 CANELLI, ITALY	IT
VIA DELLA PENDICE, ZOCCA	IT
 CAGLIARI	IT
Cervia, Italia	IT
VIA IV NOVEMBRE 15 RIMINI	IT
ZOPPOLA ITALIA	IT
 Rimini Italy	IT
PONTE DELLA FABRA TRIESTE ITALY	IT
via dei tornitori modena	IT
 FERRARA, ITALIA	IT
 San Benedetto Val Di Sambro Italy	IT
Via Maria Luisa Sanfelice Cagliari	IT
VIA MARCO CELIO BOLOGNA ITALIA	IT
via umberto tonini modena, italy	IT
PIAZZA D'ITALIA SASSARI	IT
Trinita' Italia	IT
Omegna	IT
località sialin - dal bello tramonti di sotto italy	IT
 FORLI`	IT
VIA RIGOSI CASTEL MAGGIORE ITALY	IT
via giuseppe garibaldi cuquello	IT
Via Campi Sala Baganza Italy	IT
Bardi, Italia	IT
TRESIGALLO ITALY	IT
via colla, valmadonna	IT
via della casetta lizzano in belvedere	IT
LOCALITA' TOMBE PRATA DI PORDENONE	IT
Caluso, Italy	IT
via sant'anna narzole	IT
tempio pausania, italy	IT
VIA TRIESTE, CERVIGNANO DEL FRIULI	IT
 MOLINELLA, ITALY	IT
via moruzzi campagnola emilia, italia	IT
Anzola Dell`Emilia	IT
Via Della Carletta 6 Verrone Italy	IT
VIA G. MARCONI 7 CASARSA DELLA DELIZIA ITALIA	IT
VIA GIACINTO PACCHIOTTI - TORINO	IT
Via Principale, Codroipo	IT
Via Di Basovizza, Trieste	IT
SASSARI ITALY	IT
via casoni 51 , san giuliano vecchio	IT
via sicilia bologna	IT
Carpineti	IT
via dei moreri trieste	IT
VIA DAMIANO CHIESA 0 LATISANA ITALIA	IT
Via Novara 41 , Trecate, Italy	IT
via cavalleggeri di saluzzo 30 , spilimbergo	IT
STRADA DEL SALINO TORINO, ITALY	IT
via a. moro baricella	IT
 San Giacomo, Italia	IT
 Bologna, Italia	IT
T.Christomannos-Strasse 12 Meran Italia	IT
 roveredo in piano, italy	IT
via vittore carpaccio 16 b , cagliari	IT
Bertassi Italy	IT
VIA LEGA FAENZA	IT
VIA DON GIUSEPPE ANDREOLI FORMIGINE ITALY	IT
Gerbergasse 2 , Latsch, Italy	IT
 rimini	IT
MIRANDOLA	IT
VERCELLI, ITALIA	IT
Via Dell' Artigianato - Medicina	IT
Via Beccanti Ugo, Parma	IT
VIA GUGLIELMO BILANCIONI, RIMINI	IT
via vittorio emanuele ii 117 , chiomonte	IT
Via Sottocastello 24 , Gemona Del Friuli	IT
Forni Avoltri	IT
MONCALVO	IT
BOLOGNA, ITALIA	IT
via donegallia 14/- , bellaria-igea marina	IT
quartu s.elena	IT
BOLOGNA	IT
Via Gregorio Agnini Modena	IT
Via San Cipriano, Trieste	IT
via cesare battisti, monte	IT
frazione san giuseppe della chiusa, san dorligo della valle - dolina	IT
BORGATA CAPOLUOGO 15 , CERESOLE REALE	IT
Strada Vicinale Gallina - Novara	IT
via parigi sassari italia	IT
TRIESTE ITALY	IT
Terlano	IT
 cordenons italy	IT
via xx settembre 34 quarona	IT
 leifers, italia	IT
VIA I MAGGIO VAIE	IT
Sassari	IT
via nazionale, san daniele del friuli	IT
via chiesa [alberone] 110 , cento, italy	IT
via g. matteotti, bastiglia	IT
via giuseppe verdi, cagliari	IT
LOCALITA' POGGIO ASTI	IT
SASSARI	IT
Via Papa Roncalli, Montereale Valcellina	IT
viale garibaldi g., fusignano	IT
olbia	IT
, Sant`Agostino	IT
Via Cavour - Coazze	IT
Via G. Berti 15 Castelnuovo Rangone Italia	IT
Vinzenz-Goller-Weg, Brixen	IT
via brusco onnis nuoro italy	IT
VIA CREBBIA CREBBIA ITALIA	IT
via san giuseppe 15 , biella	IT
Via Parigi - Olbia	IT
 Lugo Italia	IT
 SAVIGNO	IT
VIA I MAGGIO, STARANZANO	IT
Via Carlo Felice 33 C Sassari	IT
VIA O. SIMONI - ANZOLA DELL`EMILIA	IT
via donatini - faenza	IT
Codigoro	IT
feldweg 49 schlanders	IT
VIA UMBERTO I VIGONE	IT
Via Fulvio Testi 24 , Modena	IT
via corbari, faenza	IT
via chiaviche (san giovanni) concordia sulla secchia	IT
via madonna di campiglio comacchio	IT
via nicolo' paganini 11 , nichelino, italia	IT
CORSO TRAIANO TORINO, ITALY	IT
Via Provinciale 3 , Argenta	IT
VIA SAN MARTINO, CARPINETI	IT
, FORMIGINE	IT
STREDA STUFAN URTIJËI	IT
via rosemberg, castelvetro piacentino	IT
via della palude, fabbrico	IT
Via Spinazzedo Porcia	IT
 Carpi	IT
vicolo scuole, montagna	IT
Via Grandi Bondeno Italy	IT
VIA GIUSEPPE MAZZINI TRECATE ITALIA	IT
 MODENA, ITALY	IT
Törlweg, Latsch	IT
 LIGNANO SABBIADORO	IT
 Tricesimo Italia	IT
VIA SAVARNA RAVENNA, ITALIA	IT
cuneo	IT
VARISELLA, ITALY	IT
LOCALITA' PADRICIANO TRIESTE	IT
ortisei	IT
Via Italia Serramazzoni	IT
VIA RIO SCURO 2 , CASTELVETRO DI MODENA, ITALY	IT
hauptstrasse, schlanders	IT
Olbia	IT
VIA ROMA - MARGARITA	IT
Viale Vespucci Reggiolo Italia	IT
Strada Fontana Langhirano Italy	IT
Vicolo Della Fonte Codroipo	IT
Via Mercadante S. 51 , Cattolica	IT
VICOLO RONDOLE VIGLIANO BIELLESE	IT
VIA IV NOVEMBRE CANEVA	IT
Frazione Diolo Soragna Italy	IT
VIA MOLINO GRAVELLONA TOCE ITALIA	IT
D. - CHIESA - STRASSE, LEIFERS	IT
Via San Giovanni Lontano, Bra	IT
via don minzoni 7 quartucciu italy	IT
via romeo ghidoni quattro castella italia	IT
strada provinciale oliena dorgali n. 46 - oliena	IT
Via C. Lombroso Reggio Nell`Emilia	IT
, borgo tossignano	IT
asti	IT
via regoli sassari	IT
VIA FLOSA 73 MEDICINA ITALY	IT
Via Pagani 13 Faenza Italy	IT
 BADESI ITALIA	IT
via orazio dogliotti asti	IT
VIA ADIGE PASIAN DI PRATO ITALY	IT
via felice frasi piacenza, italia	IT
BOLOGNA	IT
via principale silandro	IT
 MONCHIO DELLE CORTI, ITALIA	IT
vezzano sul crostolo	IT
Via Breda, Monticelli D`Ongina	IT
Via Fattori Sesto Cesena	IT
VIA CASTIONS MUZZANA DEL TURGNANO	IT
FRAZIONE RONCOLE VERDI BUSSETO, ITALY	IT
asti, italy	IT
piazza nicolo' francone 6 chieri	IT
NORDHEIM, SARNTAL	IT
via aretusi 20 bologna italia	IT
VIA ZUCCHERIFICIO - RAVENNA	IT
VIALE CABOTO REGGIOLO	IT
VIA EVANGELISTA TORRICELLI CARPI	IT
VIA SAN LUCIFERO CAGLIARI	IT
 oristano	IT
San Mauro Torinese	IT
BIELLA, ITALY	IT
VIA SILE 5 , PORDENONE	IT
VIA PER MIASINO, LEGRO	IT
via ravennate - cesena	IT
 Fornero	IT
, Moncalieri	IT
masserano	IT
via san martino, campoformido	IT
VIA DON UBALDO SAZZINI, MONGHIDORO	IT
LUNGO ORBA GIUSEPPE MAZZINI 101 A , OVADA	IT
STRADA DEL CASCINOTTO TORINO ITALIA	IT
via delle monache 1/1 , trieste	IT
via ca' sandretti, castiglione dei pepoli	IT
VIA GIUSEPPE MAZZINI - RONCHI DEI LEGIONARI	IT
VIA SAN APPIANO 4 LAGOSANTO	IT
STRADA RANGONA PORTOMAGGIORE ITALY	IT
cerretto langhe italy	IT
Villa Minozzo	IT
VIALE PARTIGIANI 23 , BOCA	IT
via verdi campolongo tapogliano	IT
VICOLO DEL MULINO NOVA LEVANTE, ITALY	IT
modena	IT
Via Giovanni X, Imola	IT
 ravenna italia	IT
Bruneck	IT
BUTTIGLIERA ALTA	IT
MODENA	IT
Viale Papa Giovanni Xxiii, Ivrea	IT
via roma 2 caprezzo italy	IT
FORLI`	IT
VIA VANDALINO CASU, ORISTANO	IT
, Reggiolo	IT
VIA MARANA BUDRIO, ITALIA	IT
VIA DE AMICIS GONARS	IT
VIA DELL' ALPE 5/6 MONGHIDORO	IT
SAN VALENTINO IN CAMPO 120 CORNEDO ALL'ISARCO	IT
RICCIONE	IT
reggio nell`emilia	IT
90STR_047_671 1 C , OLBIA	IT
via val di susa olbia, italy	IT
40131, Bologna	IT
via josef seeber brunico, italia	IT
via giacobbe, caluso	IT
Via 20 Settembre 1870 Carpi	IT
Franz-Von-Fenner-Weg 23 , Kurtatsch A.D.Weinstr.	IT
Via Cantalupo - Bertinoro	IT
viale abramo lincoln bologna, italia	IT
VIA VIRGILIO MERANO, ITALY	IT
PORTOTORRES ITALIA	IT
MASTRO - CA' NUOVA, MERCATO SARACENO	IT
via del pontino copparo	IT
Vaccheria, Italy	IT
Bologna	IT
passaggio a. marescalchi - bologna	IT
Via Xx Settembre, Gravellona Toce	IT
VIA TRINITA', SAVIGNO	IT
 PAVAROLO ITALY	IT
VIA RIPA INFERIORE CASTELFRANCO EMILIA	IT
Viale Torino 19 , Villanova D'Asti, Italia	IT
NIELLA TANARO, ITALY	IT
via chiesa castelvecchio, prignano sulla secchia	IT
bomporto italy	IT
villanova sull`arda italia	IT
via mantova 202/1 vigarano mainarda	IT
via ronteruolo carpineti	IT
 BOLOGNA, ITALIA	IT
 Faenza Italia	IT
ponzone	IT
 Crespellano Italia	IT
VIA SILVIO PELLICO 6 , ARONA	IT
Trieste Italy	IT
via vittorio veneto - mirandola	IT
Via Galliano, Reggio Nell`Emilia	IT
MARTINENGO ITALY	IT
Via G. Rodari 6 Olbia	IT
 Goro	IT
Via Monte Rosa, Oleggio Castello	IT
androna san cilino trieste	IT
Via Millelire, Dolianova	IT
VIALE TOSCANA 3 , COMACCHIO, ITALY	IT
, Sassuolo	IT
crespellano	IT
CANELLI, ITALIA	IT
, Bolzano	IT
VIA DEI LAVORATORI 20 SANT`AGOSTINO	IT
Via Chiassuola Torre Masio	IT
VIA SELVUZZIS PAVIA DI UDINE	IT
VIA NAZIONALE 95 , TAVAGNACCO	IT
VIA MELONA 1132 CESENA ITALY	IT
SCANDIANO	IT
Strada Corletto Sud 259/3 Modena	IT
VIA VITTORIO ALFIERI, BIELLA	IT
Pavullo Nel Frignano, Italia	IT
Via Camillo Golgi 15 , Carpi, Italia	IT
Via Cavallotti 25 , Reggio Nell`Emilia, Italy	IT
VIA 1-  MAGGIO MONTECHIARUGOLO ITALY	IT
 Portotorres Italy	IT
via roma, trinita'	IT
ST.BARTHOLOMÄUS-STRASSE 21 MONTAN ITALIA	IT
Strada Vicobarone- Creta Ziano Piacentino	IT
PIAZZA VITTORIO EMANUELE LANUSEI ITALIA	IT
SAN VITO DI FAGAGNA ITALY	IT
Via Barberia Bologna, Italia	IT
SORRENTSTRASSE 15 BOZEN	IT
 ALGUND, ITALIA	IT
Via Varsellane 17/2 Monte San Pietro	IT
via del mulino cuneo, italia	IT
via sottomonte, laives	IT
VIA VERONICA GAMBARA CORREGGIO ITALIA	IT
Via Zilli Martignacco	IT
VIA PREMILCUORE, RAVENNA	IT
Via Giuseppe Cesare Abba 1 Novara	IT
CATTOLICA, ITALY	IT
strada statale n. 62 della cisa - brescello	IT
, SASSARI	IT
 Busano, Italy	IT
VIA CHIESACCIA CRESPELLANO	IT
Via Michele Coppino Torino, Italy	IT
Bologna	IT
piazza vittorio alfieri asti	IT
via sgarbata, ferrara	IT
via san francesco, pavullo nel frignano	IT
BRUNECK	IT
Via Giuseppe Giacosa - Piossasco	IT
 Tollegno Italia	IT
via centa, treppo grande	IT
VIA CADUTI DI CEFALONIA, BUDRIO	IT
STILFS DORF 54 B , STILFS	IT
localita' castellero neviglie	IT
Via Barassino 4 A , Trecate	IT
, GENOLA	IT
poderale traversone - comacchio	IT
Via Della Madonna 30 , Villastellone	IT
via franklin delano roosevelt 68 , carpi	IT
, TEOR	IT
viale tagliamento rimini	IT
, FAEDIS	IT
, Codigoro	IT
CESENATICO	IT
VIA MILANO - OROTELLI	IT
via spilimbergo martignacco italia	IT
VIA NOVAREGLIA 11 VICO CANAVESE	IT
VIA NICOLAO SOTTILE - NOVARA	IT
VIA MODIGLIANI A. RUSSI	IT
via fontanini giusto san daniele del friuli	IT
via nazionale villar perosa	IT
Trieste	IT
 trieste, italia	IT
Via Giacomo Morigi, Piacenza	IT
via delle larghe - faenza	IT
Via Montefortino - Brisighella	IT
Via 25 Aprile 48 , Bicinicco	IT
Via Savigliano 43 , Monasterolo Di Savigliano	IT
 REGGIO NELL`EMILIA ITALIA	IT
VIA MONTESCUDO - CORIANO	IT
Erto E Casso Italy	IT
VIA STATALE, FIORANO MODENESE	IT
Via Maggiore Arzene	IT
CATTOLICA	IT
Tempio Pausania	IT
VIA JOSTO PORTOTORRES, ITALY	IT
fossano	IT
 MONGRANDO ITALIA	IT
VIA BAIESI, ANZOLA DELL`EMILIA	IT
VIA A. LA MARMORA, OLIENA	IT
Via Giuseppe Dozza Zola Predosa	IT
Vernante	IT
 SAN GIOVANNI IN MARIGNANO	IT
via costiolo - forneto persi	IT
091051_Str325 97 , Nuoro, Italia	IT
Mirandola Italia	IT
Via Delle Rose 56 40136, Bologna	IT
Viale San Giorgio, Aviano	IT
via buca bertona, luzzara	IT
Via Torrazza 18 San Germano	IT
, san carlo canavese	IT
, BUROLO	IT
Viale Moncalieri 20 Sassuolo	IT
Soliera	IT
Via Scuole Vecchie 30 Lagosanto Italy	IT
via xx settembre 58 cadepiaggio italia	IT
via guisa crevalcore	IT
VIA IV NOVEMBRE CASALECCHIO DI RENO	IT
P.Le Bernardino Ramazzini Carpi	IT
VIA FELESINO - REGGIO NELL`EMILIA	IT
via san benedetto 14 san mauro torinese	IT
 Bologna, Italy	IT
CODIGORO	IT
PORPETTO	IT
via ariosto ludovico masi torello, italia	IT
trieste italia	IT
Via Luciano Berton Rivoli	IT
VICOLO CAPUA PIOBESI TORINESE	IT
via l. de silvestri, gossolengo	IT
VIA CASSINO, SAVIGNANO SUL PANARO	IT
BORGO VERCELLI	IT
 Rive D'Arcano	IT
pavullo nel frignano	IT
via vittorio gadolini piacenza	IT
via waidach 3 , s.candido, italia	IT
Via Casetti, Anzola Dell`Emilia	IT
Via Via Liberta' Manzano Italia	IT
TORINO	IT
Via Ruffetta, Formignana	IT
 Imola Italy	IT
POLESINE PARMENSE	IT
via nizza 373 /a torino	IT
via g. lupacciolu 12 olbia	IT
VIA QUATTRO VENTI, SAN LEO	IT
Mailandstrasse Bozen Italia	IT
via vincenzo cuoco cagliari italy	IT
Grignasco, Italia	IT
GLENO - MONTAGNA	IT
Trieste, Italia	IT
Susans Majano	IT
via don appiano guidi lagosanto	IT
, mombisaggio - torre calderai	IT
VIA BAIONA 141 , RAVENNA	IT
VIA DON ANTONIO PELLONI FIORANO MODENESE ITALY	IT
via luppi a jolanda di savoia	IT
, CUNEO	IT
VIA S.GATTI CASAZZA 19 FERRARA	IT
via g. magnanini, san martino in rio	IT
via santo stefano rivera	IT
Via Giuseppe Cesare Abba, Novara	IT
viale veruda - rimini	IT
STRADA COSTIERA 28 , TRIESTE	IT
Oristano Italia	IT
Viale Tasso Torquato Riccione	IT
 NONANTOLA, ITALIA	IT
frazione san rocco seno d'elvio, alba	IT
via cascina colombaro 35 cuneo italia	IT
, Medicina	IT
via mogliano - cesena	IT
Via Dell' Industria, Castelnuovo Rangone	IT
viale eulero (euler leonardo) cesenatico	IT
Bellaria-Igea Marina	IT
strada antica di francia sant'ambrogio di torino	IT
VIA RIVOLTA PAOLO 7 , NOVARA, ITALY	IT
VIA PALLADIO - TAVAGNACCO	IT
Via Canalino 14 , Modena, Italia	IT
via delle acacie 4 , bazzano	IT
90str_96 olbia italy	IT
Pfalzen	IT
via dei serretti 2364/e savigno italy	IT
Via Lunga, Ravenna	IT
Via Pianfei 16 Branzola	IT
 carmagnola	IT
via cacciatori della magra - fabbrico	IT
VIA MAVORA 42/A NONANTOLA	IT
crespellano	IT
collegno	IT
rimini	IT
Via Plauto T.M., Bellaria-Igea Marina	IT
San Daniele Del Friuli	IT
Via Lago Di Caldaro, Termeno S.S.D.V.	IT
via svizzera, olbia	IT
Copparo	IT
Salita Cavalotti Lanusei	IT
Via Mentana - Tortoli'	IT
VIA PIEMONTE QUARTU S.ELENA	IT
VIA PARIGI SASSARI ITALY	IT
PALMANOVA ITALIA	IT
BUJA	IT
Via Tanca Uppalza, Olbia	IT
poggio renatico	IT
via dei lamponi 17 , bologna, italy	IT
Via Ercole Bandini 30 , Maranello	IT
Piazza San Tommaso, San Giorgio Della Richinvelda	IT
VIA CLEMENTE LEQUIO 50 PINEROLO	IT
gföllberg 1 , valle aurina, italy	IT
 OLBIA	IT
 modena	IT
, Martignacco	IT
FONTEVIVO, ITALIA	IT
Via Roggen - Sesto	IT
via toetto 18 , castelnuovo calcea, italy	IT
VIA LUIGI CADORNA RIVIGNANO, ITALY	IT
VIA ABATE - SAN SEBASTIANO DA PO	IT
VIA CROCETTA 1902 LONGIANO	IT
Via Eugenio Curiel 9 Asti	IT
via giuseppe verdi 7 , oristano, italia	IT
VARSI, ITALY	IT
castelrotto	IT
Via Conte Adami 22 , Murazzano	IT
via gastaldi giorgio - parma	IT
Via Cardon Jenny, Torre Pellice	IT
GALLIERA	IT
Corso Risorgimento Novara	IT
VICOLO TORNIELLA 9 CASTEL DEL RIO	IT
Via Don Milani Dolianova, Italia	IT
via marconi 12 , cavriago, italia	IT
VIA MOLEVANA - TRAVESIO	IT
FARRA D'ISONZO	IT
Borgata Girba 2 , Avigliana, Italia	IT
VIA PRINELLA 89 FERRARA	IT
90str_047_600, olbia	IT
Via Vittore Carpaccio 42 B , Oristano	IT
Via Leon Battista Alberti 16 Carmagnola	IT
 roncofreddo italia	IT
via g. matteotti, scandiano	IT
via stella, palazzolo dello stella	IT
Strada Cantone Bonino Biella	IT
castel san pietro terme	IT
Coseano	IT
via trino, casale monferrato	IT
Vle Xxv Aprile 77 , Ferrara	IT
via enrico toti cervignano del friuli, italy	IT
via farinelli giovanni - comacchio	IT
VIA ROMA PAVIA DI UDINE	IT
Fubine	IT
Via Lago Ceresio, Ravenna	IT
FRAZIONE GOTRA 167/A , ALBARETO	IT
VIA CAMILLO CAVOUR PIACENZA	IT
cameri	IT
Spin, Curon Venosta	IT
VIA PIETRO VIARENGO 5 COSTIGLIOLE D'ASTI	IT
via sogliano savignano sul rubicone italy	IT
mittergenn laurein italy	IT
Via Baiso 4 , Castellarano	IT
borgo aurelio saffi 20 cervia	IT
VIA AGELLI SANTE, FORLI`	IT
Malborghetto Valbruna	IT
Casale Monferrato	IT
SASSARI	IT
COLLOREDO DI MONTE ALBANO	IT
viale delle acacie 1 vinovo	IT
via in der wies, cortaccia s.s.d.v.	IT
Via Udine Gambettola	IT
 FORLI`, ITALY	IT
via 22 aprile spilamberto italy	IT
Via Celeste Fioresi, Lizzano In Belvedere	IT
, bologna	IT
VIA FERMI, MARACALAGONIS	IT
Via Capo Di Sotto Azzano Decimo	IT
VIALE SPAGNA COMACCHIO	IT
 Chiomonte Italia	IT
ATTIMIS ITALIA	IT
carpi	IT
Via Gubbio 94 Cesena	IT
Ferrara	IT
 PASIANO DI PORDENONE, ITALY	IT
PIAZZA BARTOLOMEO BORGHESI, SAVIGNANO SUL RUBICONE	IT
via sassuolo 1^ tronco - prignano sulla secchia	IT
VIA CARAVAGGIO, POVIGLIO	IT
Acquacalda 1 Meldola	IT
CASTEL SAN GIOVANNI	IT
VIA RAGGI DECIO 23/D FORLI`	IT
Cerrione, Italia	IT
strada comunale salita sant'anna 24 , casale monferrato, italy	IT
VIA REZIA, ORTISEI	IT
via raimondo lullo vercelli	IT
VIA VENOSTA 41 A , LASA	IT
 Guastalla, Italia	IT
via pabillonis quartucciu	IT
san vito al tagliamento, italia	IT
Via Tagliamento, Tolmezzo	IT
VIA COLOMBO CRISTOFORO 23 , NOVI DI MODENA, ITALIA	IT
Via Onorato Vigliani - Torino	IT
Via Caduti Di Cefalonia 22/A Medicina Italy	IT
viale san francesco 4 a bardonecchia	IT
Via Battisti C. 8 , Massa Lombarda, Italia	IT
Vico Ii Sant'Eusebio Cagliari	IT
 Olbia	IT
VIA SAN GIOVANNI BOSCO, RIVALTA DI TORINO	IT
nuoro	IT
 MINERBIO ITALIA	IT
 SAN VITO AL TAGLIAMENTO	IT
 MOMO	IT
Carmagnola	IT
Via Cornalias 74 B , Cagliari, Italia	IT
via chicchigneto, savigliano	IT
selva di val gardena	IT
